S#,Title,Location,State,Date,Incident Area,Open/Close Location,Target,Cause,Summary,Fatalities,Injured,Total victims,Policeman Killed,Age,Employeed (Y/N),Employed at,Mental Health Issues,Race,Gender,Latitude,Longitude
1,Texas church mass shooting,"Sutherland Springs, TX",Texas,11/5/17,Church,Close,random,unknown,"Devin Patrick Kelley, 26, an ex-air force officer, shot and killed 26 people and wounded 20 at a church in Texas. He was found dead later in his vehicle.",26,20,46,0,26,,,No,White,M,,
2,Walmart shooting in suburban Denver,"Thornton, CO",Colorado,11/1/17,Wal-Mart,Open,random,unknown,"Scott Allen Ostrem, 47, walked into a Walmart in a suburb north of Denver and fatally shot two men and a woman, then left the store and drove away. After an all-night manhunt, Ostrem, who had financial problems but no serious criminal history, was captured by police after being spotted near his apartment in Denver.",3,0,3,0,47,,,No,White,M,,
3,Edgewood businees park shooting,"Edgewood, MD",Maryland,10/18/2017,Remodeling Store,Close,coworkers,unknown,"Radee Labeeb Prince, 37, fatally shot three people and wounded two others around 9am at Advance Granite Solutions, a home remodeling business where he worked near Baltimore. Hours later he shot and wounded a sixth person at a car dealership in Wilmington, Delaware. He was apprehended that evening following a manhunt by authorities.",3,3,6,0,37,,Advance Granite Store,No,Black,M,,
4,Las Vegas Strip mass shooting,"Las Vegas, NV",Nevada,10/1/17,Las Vegas Strip Concert outside Mandala Bay,Open,random,unknown,"Stephen Craig Paddock, opened fire from the 32nd floor of Manadalay Bay hotel at Last Vegas concert goers for no obvious reason. He shot himself and died on arrival of law enforcement agents. He was 64",59,527,585,1,64,,,Unclear,White,M,36.181271,-115.134132
5,San Francisco UPS shooting,"San Francisco, CA",California,6/14/2017,UPS facility,Close,coworkers,,"Jimmy Lam, 38, fatally shot three coworkers and wounded two others inside a UPS facility in San Francisco. Lam killed himself as law enforcement officers responded to the scene.",3,2,5,0,38,1,,Yes,Asian,M,,
6,Pennsylvania supermarket shooting,"Tunkhannock, PA",Pennsylvania,6/7/17,Weis grocery,Close,coworkers,terrorism,"Randy Stair, a 24-year-old worker at Weis grocery fatally shot three of his fellow employees. He reportedly fired 59 rounds with a pair of shotguns before turning the gun on himself as another co-worker fled the scene for help and law enforcement responded.",3,0,3,,24,1,Weis grocery,Unclear,White,M,,
7,Florida awning manufacturer shooting,"Orlando, Florida",Florida,6/5/17,manufacturer Fiamma Inc.,Close,coworkers,unemployement,"John Robert Neumann, Jr., 45, a former employee of manufacturer Fiamma Inc. fatally shot five workers at the company, and then killed himself on the scene. He'd been fired from the company in April. The attack took place a week before the one-year anniversary of the Orlando nightclub massacre.",5,0,5,,45,1,manufacturer Fiamma Inc.,Unclear,,M,,
8,Rural Ohio nursing home shooting,"Kirkersville, Ohio",Ohio,5/12/17,a nursing home,Close,coworkers,,"Thomas Hartless, 43, shot and killed a former girlfriend and another employee of a nursing home, and then fatally shot the Kirkersville police chief responding to the scene. Hartless' former girlfriend had recently obtained a court protection order against Hartless. Investigators later found more than 60 firearms in the home of Hartless, who was also found dead at the scene of the attack.",3,0,3,1,43,1,some nursing home,Yes,White,M,,
9,Fresno downtown shooting,"Fresno, California",California,4/18/2017,a street in downtown,Open,random,racism,"Kori Ali Muhammad, 39, opened fire along a street in downtown Fresno, killing three people randomly in an alleged hate crime prior to being apprehended by police. Muhammad, who is black, killed three white victims and later described his attack as being racially motivated; he also reportedly yelled 'Allahu Akbar' at the time he was arrested, but authorities indicated they found no links to Islamist terrorism.",3,0,3,,39,,,Unclear,Black,M,,
10,Fort Lauderdale airport shooting,"Fort Lauderdale, Florida",Florida,1/6/17,baggage claim area of the airport,Close,random,terrorism,"Esteban Santiago, 26, flew from Alaska to Fort Lauderdale, where he opened fire in the baggage claim area of the airport, killing five and wounding six before police aprehended him.",5,6,11,,26,,,Yes,Latino,M,,
11,Cascade Mall shooting,"Burlington, WA",Washington,9/23/2016,cosmetics section of a Macy‚Äôs department store,Close,women,terrorism,"Arcan Cetin, 20, killed a teen girl and three women in the cosmetics section of a Macy‚Äôs department store at the Cascade Mall. A man was critically wounded in the shooting and taken to Harborview Medical Center in Seattle, where he died. Cetin was apprehended by police a few hours after the shooting while driving a car near his residence.",5,0,5,,20,,,Yes,,M,,
13,Dallas police shooting,"Dallas, Texas",Texas,7/7/16,at protest,Open,police,racism,"Micah Xavier Johnson, a 25-year-old Army veteran, targeted police at a peaceful Black Lives Matter protest, killing five officers and injuring nine others as well as two civilians. After a prolonged standoff in a downtown building, law enforcement killed Johnson using a robot-delivered bomb.",5,11,16,5,25,,Army veteran,Unclear,Black,M,,
14,Orlando nightclub massacre,"Orlando, Florida",Florida,6/12/16,at nightclub,Close,random,,"Omar Mateen, 29, attacked the Pulse nighclub in Orlando in the early morning hours of June 12. He was killed by law enforcement who raided the club after a prolonged standoff.",49,53,102,0,29,,,Unclear,Other,M,,
15,"Ferguson, MO Drive by","Ferguson, Missouri",Missouri,4/29/2016,,Open,random,,A group of 15 to 20 people was gathered for a memorial for a family member when two cars drove by and opened fire. Four people were injured. No suspects or specific motive or targets.,0,4,4,0,0,,,Unknown,Unknown,Unknown,38.744217,-90.305391
71,"Caroline County, VA Family Murder Suicide",,Virgina,1/29/2016,,,Family,psycho,"42-year-old husband murders wife, shoots two young family members, then shoots himself in the head.",2,2,3,0,42,,,Unknown,Unknown,Male,38.044556,-77.286488
68,Texas teen commits family murder suicide,,Texas,2/6/16,,Close,Family/Neighbors,psycho,19-year-old male kills his mother and two neighbors before killing himself. Motive is unclear.,4,0,3,0,19,,,Unknown,White American or European American,Male,29.209684,-99.786168
83,Planned Parenthood clinic,"Colorado Springs, Colorado",Colorado,11/27/2015,health clinic,Close,random,,"police were called to a street to investigate an assault case. One hispanic man lay dead on the street. Two other adult males, and a young female were injured.",3,9,12,1,57,,,Unclear,White,M,,
94,"Inglis, Florida","Inglis, Florida",Florida,10/1/15,,Open,Ex-Wife,anger,"A man 57-year-old man shot and killed his wife, injured her boyfriend, and killed a Good Samaritan 68-year-old man as he rushed to protect children who were playing near the town hall before taking his life. The shooter's couple had been married for 35 years when they separated, and the shooter's wife had left her husband for her new boyfriend.",3,1,3,0,57,,,Unknown,White American or European American,Male,29.03270634,-82.65919302
107,Charleston Church Shooting,"Charleston, South Carolina",South Carolina,6/17/2015,Church,Close,random,terrorism,"Dylann Storm Roof, 21, shot and killed 9 people after opening fire at the Emanuel AME Church in Charleston, South Carolina. According to a roommate, he had allegedly been ‚Äúplanning something like that for six months.""",9,1,10,0,21,,,unknown,White,Male,32.788387,-79.933143
109,Trestle Trail bridge shooting,"Menasha, Wisconsin",Wisconsin,6/11/15,,,random,,"Sergio Valencia del Toro, 27, in what officials say was a random act, shot and killed three people including an 11-year-old girl before turning the gun on himself.",3,1,4,0,27,,,Yes,Latino,M,,
155,Isla Vista mass murder,"Santa Barbara, California",California,5/23/2014,,Open+Close,random,psycho,"Elliot Rodger, 22, shot three people to death in the college town of Isla Vista near the University of California, Santa Barbara. He also shot others as he drove around town, and injured others by striking them with is vehicle. He committed suicide by shooting himself in his car as police closed in. Prior to the rampage, Rodger stabbed three people to death at his apartment.",6,13,19,0,22,,,Yes,White,M,,
156,Kennesaw FedEx,"Kennesaw, Georgia",Georgia,4/29/2014,Workplace,Close,Coworkers,terrorism,"On the morning of April 29, 2014, a 19 year-old package handler at the FedEx in Kennesaw, Georgia arrived at his place of work and began shooting. He wounded six of his coworkers before committing suicide.",1,6,6,0,19,1,FedEx,No,White American or European American,Male,34.02529674,-84.61766831
157,Fort Hood shooting 2,"Fort Hood, Texas",Texas,4/3/14,Fort Hood Army Post,Open,Policeman,psycho,"Army Specialist Ivan Lopez, 34, opened fire at the Fort Hood Army Post in Texas, killing three and wounding at least 12 others before shooting himself in the head after engaging with military police. Lt. Gen. Mark A. Milley told reporters that Lopez ""had behavioral health and mental health"" issues.",3,12,15,3,34,1,Fort Hood,Unclear,Latino,M,,
158,Fort Hood,"Killeen, Texas",Texas,4/2/14,Fort Hood Army Post,Open,Policeman,psycho,"On April 2, 2014, a 34-year-old Army Specialist began shooting at Fort Hood where he was stationed. He killed 3 military personnel and wounded 16 others before committing suicide.",4,16,19,3,34,1,Fort Hood,Yes,Some other race,Male,31.07925506,-97.73392317
160,Cedarville Rancheria Tribe,"Alturas, California",California,2/20/2014,,,Family+random,psycho,"On February 20, 2014, a 44-year old woman went to a tribe eviction meeting where she killed three family members and a worker. After running out of ammunition, the shooter grabbed a butcher knife and stabbed another person.",4,2,6,0,44,,,No,Native American or Alaska Native,Female,41.4911123,-120.549091
154,Seattle Pacific University,"Seattle, Washington",Washington,6/5/14,Seattle Pacific University,Close,Students,terrorism,"On June 5, 2014, a 26-year-old man entered a hall on the campus of Seattle Pacific University and began shooting at students. The shooter killed one student and injured two others before a student tackled and stopped the shooter as he was reloading.",1,2,3,0,26,,,Yes,Some other race,Male,47.62199575,-122.323646
162,Los Angeles International Airport (LAX),"Los Angeles, California",California,11/1/13,Los Angeles International Airport,Open,TSA Officer,anger,"On November 1, 2013, an unemployed 23-year old man entered Terminal 3 at Los Angeles International Airport (LAX) in California, and pulled a rifle from his bag, killing one TSA officer and wounding two other officers and a passenger before he was wounded and captured. Witnesses said that the shooter was calmly asking people: ""Hey, are you TSA?"". If they said no, the shooter moved on.",1,3,4,1,23,0,,No,White American or European American,Male,34.17622092,-118.5399542
163,Sparks Middle School,"Sparks, Nevada",Nevada,10/21/2013,Sparks Middle School in Nevada,Close,random,psycho,"On October 21, 2013, a 12-year old student at Sparks Middle School in Nevada, shot and injured two students and killed a teacher before killing himself.",2,2,3,0,12,,,Unknown,Some other race,Male,39.54058388,-119.748291
164,Washington Navy Yard,Washington D.C.,Washington,9/16/2013,,Close,random,terrorism,"On September 16, 2013, a 34-yearl old contractor for the Navy Yard in Washington D.C, entered the building shooting randomly, killing twelve people and injuring three surviving victims before he was shot and killed by law enforcement officers.  Five other people were injured during the incident while trying to escape.",13,3,15,0,34,1,Navy Yard,Yes,Black American or African American,Male,38.90480894,-77.01629717
165,Oklahoma City Residence,"Oklahoma City, Oklahoma",Oklahoma,8/14/2013,,,Family,psycho,"On August 14, 2013, a 40-year old man obsessed with actress Selena Gomez, fatally shot his mother, sister, niece and infant nephew. He was later arrested and told police he had to getaway from his family because they were preventing him from being with his one true love.",4,0,4,0,40,,,Yes,White American or European American,Male,35.46779189,-97.5191631
166,Homes in Desoto and Dallas,"Dallas, Texas",Texas,8/7/13,Home,Close,random,psycho,"On August 7, 2013, a 44-year old former special education teacher allegedly went on a murder spree in the Dallas area, killing four people, including his ex-wife and estranged girlfriend, and wounding four others. Once police arrived at the second home, the shooter after running out of ammunition, reportedly pretended he was one of the victims and appeared catatonic.",4,4,8,0,44,0,,Unknown,Black American or African American,Male,32.79480596,-96.76631094
167,Ross Township Supervisor Council Meeting,"Salisbury , Pennsylvania",Pennsylvania,8/5/13,Ross Township,Close,random,psycho,"On August 5, 2013, an unemployed 59-year old man went to Ross Township's monthly meeting in Salisbury, Pennsylvania, killing three people and injuring four more. The shooter was later restrained and shot in the leg by civilians at the scene. He had been forced to vacate his property of 20 years and had been living out of his car and in abandoned buildings ever since.",3,3,6,0,59,0,,No,White American or European American,Male,39.75344279,-79.08435956
168,Hialeah apartment shooting,"Hialeah, Florida",Florida,7/26/2013,Apartment Complex,Close,random,terrorism,"Pedro Vargas, 42, set fire to his apartment, killed six people in the complex, and held another two hostages at gunpoint before a SWAT team stormed the building and fatally shot him.",7,0,7,0,42,,,Unclear,Latino,Male,25.8670105,-80.29146268
169,Santa Monica College,"Santa Monica, California",California,6/7/13,,Open+Close,random,psycho,"On June 7, 2013, a 23-year old killed his father and brother at their family home and then set the home on fire in Santa Monica, California. He then forced a motorist to drive him to the Santa Monica College campus. On his way there he fired at commuters. During a 13-minute shooting spree spanning roughly 1.5 miles he killed three other people and three others wounded by gun shot. The shooter was killed by the police in the Santa Monica College library.",6,3,8,0,23,,,Yes,White American or European American,Male,34.02319149,-118.4815644
170,Village of Manchester in Illinois,"Manchester, Illinois",Illinois,4/24/2013,Home,Close,partner's family,anger,"On April 24, 2013, a 43-year old man traveled to the home of his former partner's family in Manchester, Illinois. He shot and killed three adults (one  of them pregnant), a boy, and an infant, all members of the same family. There was a third child who, after shooting her, the shooter took to a neighbor's house; she survived the incident. The shooter was then chased by the police by car. The car chase resulted in a shootout between the two. The shooter was shot and killed by the police.",7,1,7,0,43,,,Unknown,White American or European American,Male,39.54231335,-90.33029852
171,Pinewood Village Apartments,"Federal Way, Washington",Washington,4/21/2013,Apartment,Close,Girlfriend,anger,"On April 21, 2013, a 27-year old man shot and killed his girlfriend at their apartment in Federal Way, Washington. He then shot two neighbors in the building's parking lot and a third victim in another apartment who had come out to see what was happening. It seems the shooter wanted to kill any witness after shooting his girlfriend. He was later killed by police.",5,0,4,0,27,,,Unknown,Black American or African American,Male,47.30909721,-122.3357553
172,Mohawk and Herkimer Villages in New York,"Mohawk, New York",New York,3/13/2013,,Open+Close,random,psycho,"On March 13, 2013, an unemployed 64-year old man set his apartment on fire in Mohawk village, New York, before he went into a local barbershop and shot four people, killing two and wounding two others. Afterwards, the shooter drove to Herkimer village, where he shot and killed to other people at a local car servicing business. After the rampage, he holed up in an abandoned building where he had a standoff with police for 18 hours until he was shot and killed.",5,2,6,0,64,0,,No,White American or European American,Male,43.0104011,-75.0075119
173,"Ladera Ranch, Santa Ana, Tustin and Orange","Ladera Ranch, California",California,2/19/2013,,Open+Close,random,psycho,"On February 19, 2013, a 20-year old unemployed, part-time student killed a 20-year old woman at his parent's house. The shooter's parents called 911 when they heard the noise. He drove off in his parents car and went on a killing spree carjacking several cars and shooting at commuters, drivers, and construction workers. He committed suicide when police were approaching. The shooter had left a suicide note that he wrote within an hour of the 911 call his parents made.",4,3,6,0,20,0,,Yes,White American or European American,Male,33.54961059,-117.6415707
174,Los Angeles Police Department,"Irvine, California",California,2/3/13,,Open+Close,Coworker's Family,anger,"On February 3, 2013, a 33-year old former LAPD police officer shot and killed the daughter of a former LAPD captain and her fiance in a parking garage in Irvine, California. The shooter fled the scene and a large manhunt followed until February 12, 2013, during a stand-off  with police at a cabin in the San Bernardino Mountains. The shooter killed one police officer and injured another one before he committed suicide. It is not clear if he took his life before or after the police started to burn down the cabin where he was holed up.",4,2,7,1,33,,,Yes,Black American or African American,Male,33.67803464,-117.773628
175,Phoenix Law Firm,"Phoenix, Arizona",Arizona,1/30/2013,Entrance of building,Open,random,psycho,"On January 30, 2013, a 70-year old man attended a mediation session at a law firm in Phoenix, Arizona. At the end of the session he shot three people at the entrance of the building, killing the two man involved in the session with him and wounding a third person. The shooter fled the scene, firing at a man who followed him. He later died from a self-inflicted gunshot wound.",3,1,3,0,70,,,Unknown,White American or European American,Male,33.57145875,-112.0904854
176,South Valley Residence,"South Valley, Albuquerque, New Mexico",New Mexico,1/19/2013,Home,Close,Family,psycho,"On January 19, 2013, a 15-year old homeschooled student shot and killed his mother and three younger siblings in their residential home in South Valley, New Mexico. The shooter then waited up five hours for his father, a former pastor, to arrive home. When the father got home, the son shot him several times and killed him. Apparently, he was planning to go on a killing spree afterwards. Instead he went to church and was later arrested.",5,0,5,0,15,,,Yes,Some other race,Male,35.15290522,-106.7791378
177,Sandy Hook Elementary School,"Newtown, Connecticut",Connecticut,12/14/2012,,Open+Close,Family+students,terrorism,"On December 14, 2012, a 20-year old shot and killed his mother at their home in Newtown, Connecticut. He then travelled to Sandy Hook Elementary School killing twenty children and six adult staff members and injuring two others before killing himself. Court documents showed that the school shooting had occurred in the space of less than five munities with 156 shots fired.",28,2,29,0,20,,,Yes,White American or European American,Male,41.41190846,-73.31196267
178,Clackamas Town Center,"Happy Valley, Oregon",Oregon,12/11/12,Shopping Mall,Close,random,terrorism,"On December 11, 2012, an unemployed 22-year old run into Clackamas Town Center, a shopping center outside the City of Portland, Oregon. The gunman opened fire on shoppers and employees killing two people and seriously wounding a third person before committing suicide.",3,1,3,0,22,0,,No,Some other race,Male,45.44853107,-122.5440133
179,Azana Spa in Brookfield,"Brookfield, Wisconsin",Wisconsin,10/21/2012,Azana Spa in Brookfield,Close,Ex-Wife,psycho,"On October 21, 2012, a 45-year old man went to Azana Spa in Brookfield, Wisconsin, where his estranged wife worked. He shot and killed his ex-wife and two of her co-workers and injured four others before committing suicide.",4,4,7,0,45,,,No,Black American or African American,Male,43.06396691,-88.12299758
181,Accent Signage Systems in Minneapolis,"Minneapolis, Minnesota",Minnesota,9/27/2012,Accent Signage Systems Building,Close,Ex-Coworkers,unemployement,"On September 27, 2012, a 36-year old man recently fired at Accent Signage Systems in Minneapolis, went into the firm's building killing six people and injuring two others. The gunman then turned the gun on himself.",7,2,8,0,36,0,,Yes,White American or European American,Male,44.96358722,-93.26783687
182,Sikh Temple in Wisconsin,"Oak Creek, Wisconsin",Wisconsin,8/5/12,Sikh Temple,Close,Sikhs,racism,"On August 5, 2012, a 40-year old US Army veteran and white supremacist opened fire in a Sikh Temple in Oak Creek, Wisconsin fatally shooting six people and wounded four others. The shooter took his life by shooting himself after he was shot in the stomach by a responding police officer. His girlfriend had broken up with him very recently.",7,4,10,0,40,1,Army veteran,No,White American or European American,Male,42.88027442,-87.90087079
183,Aurora theater shooting,"Aurora, Colorado",Colorado,7/20/2012,Movie Theatre,Close,random,terrorism,"James Holmes, 24, opened fire in a movie theater during the opening night of ""The Dark Night Rises"" and was later arrested outside.",12,70,82,0,24,,,Yes,white,Male,39.709283,-104.823488
184,University Heights Apartments in Auburn,"Auburn, Alabama",Alabama,6/9/12,Apartment Complex,Close,Students,terrorism,"On June 9, 2012, a 22-year old man went to a party in an off-campus apartment complex in Auburn, Alabama. Three people, including two former Auburn University football players, were killed and three others were wounded. The shooter fled the scene and turned himself in a few days later.",3,3,6,0,22,,,Unknown,Black American or African American,Male,32.60598014,-85.48989253
185,Cafe in Seattle,"Seattle, Washington",Washington,5/30/2012,,Open+Close,random,psycho,"On May 30, 2012, a 40-year old man went to a coffee shop in Seattle, Washington, where he was asked to leave due to his belligerent behaviour the previous week. The man opened fire and killed four people and injured another one. He then fled and later killed a female motorist, taking off with her SUV. Five hours later, while he was being confronted by police, he killed himself with a gunshot.",6,1,6,0,40,,,Yes,White American or European American,Male,47.62199575,-122.323646
186,Seattle cafe shooting,"Seattle, Washington",Washington,5/20/2012,,Open+Close,random,psycho,"Ian Stawicki, 40, gunned down four patrons at a cafe, and another person during a carjacking nearby, then shot himself as police closed in. (He died later that day in a Seattle hospital.)",6,1,7,0,40,,,Yes,white,Male,47.6038321,-122.3300624
187,"North Tulsa, Oklahoma","Tulsa, Oklahoma",Oklahoma,4/6/12,"Tulsa, Oklahoma",,black men,racism,"On April 6, 2012, a 19-year old and a 32-year old man went on a deadly shooting spree in Tulsa, Oklahoma, shooting black men at random in an apparently racially motivated attack. Three men died and two were wounded. The victims were chosen at random.",3,2,5,0,"19,32",,,No,White American or European American,Male,36.13543238,-95.91316117
188,Oikos University killings,"Oakland, California",California,4/2/12,Nursing Classroom,Close,random,terrorism,"One L. Goh, 43, a former student, opened fire in a nursing classroom. He fled the scene by car and was arrested nearby a few hours later.",7,3,10,0,43,,,Yes,Asian,Male,37.8043808,-122.2708166
189,Chardon High School,"Chardon, Ohio",Ohio,2/27/2012,Chardon High Scool,Close,Students,terrorism,"On February 27, 2012, a 17-year old student entered Chardon High School in Chardon, Ohio, shooting  students in the cafeteria and in the hallway, leaving three students dead and three injured. He then was chased out of the school by a teacher and was arrested outside the school.",3,3,6,0,17,,,Yes,White American or European American,Male,41.58025541,-81.20812625
190,Su Jung Health Sauna shooting,"Norcross, Georgia",Georgia,2/22/2012,Spa,Close,Family,anger,"Jeong Soo Paek, 59, returned to a Korean spa from which he'd been kicked out after an altercation. He gunned down two of his sisters and their husbands before committing suicide.",5,0,5,0,59,,,Yes,Asian,Male,33.9412127,-84.2135309
192,Salon Meritage,"Seal Beach, California",California,10/12/11,Hair Salon,Open+Close,Ex-Wife,anger,"On October 12, 2011, a 41-year old allegedly opened fire at a hair salon in Seal Beach, California, where his former wife worked. Eight people inside the salon and one person in the parking lot were shot, and only one victim survived. The shooter was later arrested about half a mile away from the salon. He argued earlier that day over the phone with his ex-wife over a custody dispute regarding their 8-year old son.",8,1,9,0,41,,,Yes,White American or European American,Male,33.75432632,-118.0715378
193,IHOP shooting,"Carson City, Nevada",Nevada,9/6/11,International House of Pancakes Restaurant,Close,random,terrorism,"Eduardo Sencion, 32, opened fire at an International House of Pancakes restaurant and later died from a self-inflicted gunshot wound.",5,7,12,0,32,,,Yes,Latino,Male,39.1637984,-119.7674034
194,Residences in Grand Rapids,"Grand Rapids, Michigan",Michigan,7/7/11,,Open+Close,Ex-Wife & Family,psycho,"On July 7, 2011, a 34-year old man went to two homes on a shooting rampage, killing his estranged wife, their daughter, his former girlfriend, and members of the victims' families. The shooter kept shooting at random as he fled by car and followed and shot another ex-girlfriend while she was driving on her car. The gunman was chased by police that forced him to exit his vehicle and ran on foot, entering a random residence where he took three hostages. He ended releasing the hostages and committing suicide.",8,2,9,0,34,,,Yes,Black American or African American,Male,42.96920434,-85.66008902
195,Southern Union State Community College,"Opelika, Alabama",Alabama,4/6/11,Opelika campus of Southern Union State Community College in Alabama,Open,Ex-Wife & Family,anger,"On April 6, 2011, a 34-year old man went to the Opelika campus of Southern Union State Community College in Alabama, where his former wife was a student. He fired into a car and shot and killed his mother-in-law and injured his estranged wife, her grandmother, and her 4-year old daughter. Hours later returned to the crime scene and confessed to a photographer that he was the shooter. He was later arrested by the police.",1,3,4,0,34,,,Yes,White American or European American,Male,32.66240106,-85.37706931
196,Youngstown State University,"Youngstown, Ohio",Ohio,2/6/11,fraternity house party,Close,random,anger,"On February 6, 2011, two 19-year old man and a 22-year old man were involved in an argument over a girl in a fraternity house party in Youngstown State University in Ohio. A dispute ensued and one man was thrown out of the party and the other followed. They returned sometime later and began spraying bullets into the crowd, killing one student and injuring eleven others.",1,11,12,0,"19,22",,,Unknown,Black American or African American,Male,41.09933958,-80.64631705
197,Tucson shooting,"Tucson, Arizona",Arizona,1/8/11,,Open,Congresswoman,terrorism,"Jared Loughner, 22, opened fire outside a Safeway during a constituent meeting with Congresswoman Gabrielle Giffords (D-Ariz.) before he was subdued by bystanders and arrested.",6,13,19,0,22,,,Yes,white,Male,32.2217429,-110.926479
198,Hartford Beer Distributor shooting,"Manchester, Connecticut",Connecticut,8/3/10,Workplace,Close,,frustration,"Omar S. Thornton, 34, shot up his Hartford Beer Distributor workplace after facing disciplinary issues, then committed suicide.",9,2,11,0,34,,,No,black,Male,41.7759324,-72.5214755
199,University of Alabama in Huntsville,"Huntsville, Alabama",Alabama,2/12/10,University of Alabama,Close,Coworkers,psycho,"On February 12, 2010, a 44-year old professor went to a faculty meeting at the University of Alabama in Huntsville. She sat quietly at the meeting for 30 or 40 minutes before pulling out a gun, killing three of her coworkers and injuring three others. She was later arrested outside the building.",0,3,6,0,44,1,University of Alabama,No,White American or European American,Female,34.72827538,-86.6723055
200,Coffee shop police killings,"Parkland, Washington",Washington,11/29/2009,Coffee Shop,Close,Policeman,revenge,"Maurice Clemmons, 37, a felon who was out on bail for child-rape charges, entered a coffee shop on a Sunday morning and shot four police officers who had gone there to use their laptops before their shifts. Clemmons, who was wounded fleeing the scene, was later shot dead by a police officer in Seattle after a two-day manhunt.",4,1,5,4,37,,,Yes,black,Male,47.155846,-122.437031
201,Parkland Coffee Shop,"Lakewood, Washington",Washington,11/29/2009,Coffee Shop,Close,Policeman,revenge,"On November 29, 2009, a 37-year old convicted felon who was out on bail, entered a coffee shop in Lakewood, Washington. The gunman shot and killed four off-duty police officers who had gone there to use their laptops before their shifts. After a two-day manhunt, the gunman was shot and killed by a police officer in south Seattle.",5,0,4,4,37,,,Yes,Black American or African American,Male,47.16267579,-122.5296574
202,Fort Hood Army Base,"Fort Hood, Texas",Texas,11/5/09,Fort Hood Army Post,Close,random,terrorism,"On November 5, 2009, a 39-year old U.S. Army psychiatrist fatally shot thirteen people and injured thirty-two at Fort Hood Army Base located in Killeen, Texas. He was shot and wounded by another soldier and arrested as he fell unconscious.",13,32,45,0,39,1,U.S Army,Yes,White American or European American,Male,31.13814354,-97.77797804
203,Binghamton shootings,"Binghamton, New York",New York,4/3/09,American Civic Association Centre,Close,random,terrorism,"Jiverly Wong, 41, opened fire at an American Civic Association center for immigrants before committing suicide.",14,4,18,0,41,,,Yes,Asian,Male,42.0986867,-75.9179738
204,Carthage nursing home shooting,"Carthage, North Carolina",North Carolina,3/29/2009,Nursing Home,Close,Ex-Wife,psycho,"Robert Stewart, 45, opened fire at a nursing home where his estranged wife worked before he was shot and arrested by a police officer.",8,3,11,0,45,,,Yes,white,Male,35.345802,-79.4170543
205,"Rivermark, Santa Clara, California","Santa Clara, California",California,3/29/2009,Home,Close,Family,psycho,"On March 29, 2009, a 42-year-old web analytics technician for Yahoo! in Santa Clara, California began shooting in his home. He killed his two children, his brother-in-law, sister-in-law, and their infant daughter before committing suicide. He was found to have a growing brain tumor during the autopsy.",6,1,6,0,42,1,Yahoo,No,Asian American,Male,37.36463172,-121.9679315
206,Pinelake Health and Rehab nursing home,"Carthage, North Carolina",North Carolina,3/29/2009,Nursing Home,Close,Ex-Wife,psycho,"On March 29, 2009, a 45-year old man opened fire at the Pinelake Health and Rehab nursing home in Carthage, North Carolina, where his estranged wife worked. The shooter killed eight people and wounded another two before being shot and arrested by a police officer. His ex-wife, the apparent main target, survived the shooting unharmed by hiding in the Alzheimer ward of the building, which was secured by passcode-protected doors.",8,2,10,0,45,,,Yes,White American or European American,Male,35.33985609,-79.41381725
207,"Geneva County, Alabama","Geneva, Alabama",Alabama,3/10/09,,Open+Close,random,psycho,"On March 10, 2009, a 28-year-old grocery worker in Geneva County, Alabama went to his mother's home to kill her and her three dogs before setting the house on fire. He then went to his uncle's house, killing him, two of his cousins, two neighbors and wounded an aunt and an infant neighbor. He then went next-door and killed his grandmother before fleeing the scene. He killed three passers by and shot at anyone trying to flee or stop him. In total, ten were killed and six were wounded. He committed suicide as police attempted to detain him.",11,6,16,0,28,,,No,White American or European American,Male,31.04367594,-85.8763466
208,"Covina, California","Covina, California",California,12/24/2008,Home,Close,Family,psycho,"On December 24, 2008, a 45-year-old man entered his brother's residence in Covina, California while dressed in a Santa Claus costume. He then opened fire on his family and ex-wife, killing several before setting the house ablaze. He committed suicide with a gunshot wound to the head. Nine victims died in the incident and two of the wounded escaped the fire.",10,2,11,0,45,,,No,White American or European American,Male,34.09026669,-117.8819958
209,University of Central Arkansas,"Conway, Arkansas",Arkansas,10/26/2008,Dormitory,Close,Students,terrorism,"On October 26, 2008, four men between the ages of 19 and 20 arrived at a dormitory at the University of Central Arkansas in Conway, Arkansas and began shooting. The shooters killed two students and wounded a visitor before being arrested.",0,1,3,0,19,,,No,Black American or African American,Male,35.08130744,-92.43278275
210,South Mountain Community College,"Phoenix, Arizona",Arizona,7/24/2008,South Mountain Community College,Close,random,anger,"On July 24, 2008, a 24-year-old man arrived at the South Mountain Community College in Phoenix, Arizona. He began shooting at two men who had hospitalized him seven months prior and a third was wounded in the incident before the shooter was arrested. No fatalities resulted from the shooting.",0,3,3,0,24,,,No,Black American or African American,Male,33.57145875,-112.0904854
211,Atlantis Plastics,"Henderson, Kentucky",Kentucky,6/25/2008,Atlantis Plastics Factory,Close,Coworkers,anger,"On June 25, 2008, a 25-year-old factory worker at Atlantis Plastics in Henderson, Kentucky had been reprimanded by a supervisor and escorted out of his workplace. He returned with a gun and began shooting, killing his supervisor, five employees and wounded a sixth before committing suicide.",7,1,7,0,25,1,Atlantis Plastics,No,White American or European American,Male,37.84040411,-87.57853755
212,Northern Illinois University shooting,"DeKalb, Illinois",Illinois,2/14/2008,Lecture Hall,Close,Students,terrorism,"Steven Kazmierczak, 27, opened fire in a lecture hall, then shot and killed himself before police arrived.",5,21,26,0,27,,,Yes,white,Male,41.9294736,-88.7503647
213,Kirkwood City Hall,"Kirkwood, Missouri",Missouri,2/7/08,City Hall Building,Open+Close,Policeman+Council Member,terrorism,"On February 7, 2008, a 52-year-old construction worker entered the City Hall building in Kirkwood, Missouri and opened fire on a police officer, taking the officer's gun and continuing on to the commencing city council meeting. He began shooting at the council members and reporters, killing five and wounding two others before being killed by police. The mayor suffered wounds that he died from several months later.",6,2,7,0,52,1,,No,Black American or African American,Male,38.57889169,-90.42023754
214,"Carnation, Washington","Carnation, Washington",Washington,12/24/2007,Home,Close,Family,domestic disputer,"On December 24, 2007, an unemployed woman and her boyfriend, both aged 29, shot the woman's father in regards to a financial dispute in his home in Carnation, Washington. The couple then shot the woman's mother before her brother, his wife and children arrived, upon which the couple shot and killed all four. They were later arrested in the home.",6,0,6,0,29,0,,No,White American or European American,Male/Female,47.64628742,-121.9088524
215,Mojave High School Bus,"Las Vegas, Nevada",Nevada,12/11/07,School Bus Stop,Open,random,terrorism,"On December 11, 2007, an 18-year-old high school drop out of Mojave High School in Las Vegas, Nevada arrived at a school bus stop where he planned an encounter with a student who had bumped into him the day before. He then began shooting at the student and others, wounding six before fleeing the scene. The shooter was arrested in Denver, CO after the police received a tip that he was on a bus to Chicago.",0,6,6,0,18,,,No,Black American or African American,Male,36.18931923,-115.3264875
216,Youth With A Mission and New Life Church,"Arvada, Colorado",Colorado,12/9/07,Training Center+Church,Close,random,anger,"On December 9, 2007, a 24-year-old failed missionary entered the Youth With A Mission training center in Arvada, Colorado and began shooting, killing two and wounding two others. He then went to the New Life Church, shooting and killing two more and wounding three others. A former police officer in the congregation opened fire on the shooter, wounding him before he decided to take his own life.",5,5,9,0,24,,,No,White American or European American,Male,39.81087474,-105.173715
217,Westroads Mall shooting,"Omaha, Nebraska",Nebraska,12/5/07,Shopping Mall,Close,random,terrorism,"Robert A. Hawkins, 19, opened fire inside Westroads Mall before committing suicide.",9,4,13,0,19,,,Yes,white,Male,41.2587317,-95.9378732
218,South Middle School Football Game,"Saginaw, Michigan",Michigan,10/25/2007,"South Middle School in Saginaw, Michigan",Open,Students,frustration,"On October 25, 2007, a 15-year-old student arrived at a football game at South Middle School in Saginaw, Michigan looking for his brother. He then ran into other students with which he had an ongoing confrontation and began shooting, wounding four before fleeing the scene. He was later arrested and charged with assault with intent to murder",0,4,4,0,15,,,No,Black American or African American,Male,43.41929117,-83.95032759
219,SuccessTech Academy,"Cleveland, Ohio",Ohio,10/11/07,SuccessTech Academy,Close,Students+Teachers,suspension,"On October 11, 2007, a 14-year-old student of SuccessTech Academy in Cleveland, Ohio arrived at school two days after he had been suspended for getting into a fist-fight with another student. He then began shooting at students and teachers, injuring four during the incident and committing suicide.",1,4,4,0,14,,,Yes,White American or European American,Male,41.47657557,-81.68051502
220,Crandon shooting,"Crandon, Wisconsin",Wisconsin,10/7/07,Home,Close,party guests,anger,"Off-duty sheriff's deputy Tyler Peterson, 20, opened fire inside an apartment after an argument at a homecoming party. He fled the scene and later committed suicide.",6,1,7,0,20,1,Deputy Sheriff,Unclear,white,Male,45.5719072,-88.9028922
221,Virginia Tech massacre,"Blacksburg, Virginia",Virginia,4/16/2007,School Campus,Close,random,terrorism,"Virginia Tech student Seung-Hui Cho, 23, opened fire on his school's campus before committing suicide.",32,23,55,0,23,,,Yes,Asian,Male,37.2295733,-80.4139393
222,Springwater Trail High School,"Gresham, Oregon",Oregon,4/10/07,Springwater Trail High School,Close,Students,terrorism,"On April 10, 2007, a 15-year-old student of Springwater Trail High School in Gresham, Oregon arrived to his school and began shooting at his classmates. He wounded ten and killed none before being arrested.",0,10,10,0,15,,,No,Some other race,Male,45.50216511,-122.4412759
223,Trolley Square,"Salt Lake City, Utah",Utah,2/12/07,Trolley Square,Open,random,religious radicalism,"On February 12, 2007, an 18-year-old refugee and high school drop out in Salt Lake City, Utah arrived at Trolley Square and began shooting at the crowd. He killed five and wounded four others before being shot and killed by police. The incident was thought to be an attack of religious radicalism.",6,4,9,0,18,,,Unknown,White American or European American,Male,40.77787404,-111.9312168
224,Amish school shooting,"Lancaster County, Pennsylvania",Pennsylvania,10/2/06,Bart Township,Close,school girls,terrorism,"Charles Carl Roberts, 32, shot 10 young girls in a one-room schoolhouse in Bart Township, killing 5, before taking his own life.",6,5,11,0,32,,,No,white,Male,39.9589,-76.0806
225,West Nickel Mines Amish School,"Nickel Mines, Lancaster, Pennsylvania",Pennsylvania,10/2/06,Bart Township,Close,school girls,terrorism,"On October 2, 2006, a 32-year old men killed five schoolgirls and seriously wounded five others in West Nickel Amish School in Nickel Mines, Pennsylvania before taking his own life. Before the shooting, the gunman separated the students by gender and age, letting go males and adults before locking the school. He ended up committing suicide before police broke into the school.",6,5,10,0,32,,,Unknown,White American or European American,Male,40.04214385,-76.30100872
226,Duquesne University,"Pittsburgh, Pennsylvania",Pennsylvania,9/17/2006,,,basketball players,frustration,"On September 17, 2006, two 18-year old men shot at five Duquesne University basketball players after a school dance. Several players said the shooter was a non-student unhappy that the woman he accompanied to the dance had talked with a player. The shooter and at least one other man followed the players when they left the dance to walk to their dormitory. Both man were later identified and arrested.",0,5,5,0,18,,,Unknown,Black American or African American,Male,40.43948548,-79.97631581
227,Orange High School,"Hillsborough, North Carolina",North Carolina,8/30/2006,Home+School,Close,random,psycho,"On August 30, 2006, a 18-year old former student at Orange High School in Hillsborough, North Carolina returned to the school to open fire on students and teachers having lunch outside, injuring two students. The student was apprehended outside the school and he confessed that he had previously killed his own father at their family home.",1,2,3,0,18,,,Yes,Some other race,Male,36.04099857,-79.09701201
228,Essex Elementary School,"Essex Junction, Vermont",Vermont,8/24/2006,Home+School,Close,Ex-GirlFriend,psycho,"On August 24, 2006, a 26-year old killed two people and wounded two others in a shooting rampage that began at his ex-girlfriend's home  in Essex Junction, Vermont and continued at the elementary school where she worked. Afterward, the shooter went to his friend's house to get more ammunition for the gun he had borrowed from him and shot his friend. He then try to commit suicide by shooting himself twice in the head, but he survived.",2,2,4,0,26,,,Yes,Black American or African American,Male,44.49022039,-73.11400628
229,Capitol Hill massacre,"Seattle, Washington",Washington,3/25/2006,Capitol Hill neighborhood of Seattle,,random,drunk,"Kyle Aaron Huff, 28, opened fire at a rave afterparty in the Capitol Hill neighborhood of Seattle before committing suicide.",7,2,9,0,28,,,No,white,Male,47.6229,-122.3165
230,Goleta Post Office,"Goleta, California",California,1/30/2006,Goleta Post Office,Close,Coworkers,psycho,"On January 30, 2006, a 44-year-old postal worker on leave for psychological reasons killed her former neighbor before arriving to the Goleta Post Office where she worked in Goleta, California. She then opened fire on her coworkers, killing six before committing suicide.",8,0,7,0,44,1,Goleta Post Office,Yes,White American or European American,Female,34.43606107,-119.8593619
231,Red Lake High School,"Red Lake, Minnesota",Minnesota,3/21/2005,Home+School,Close,random,psycho,"On March 21, 2005, after killing his grandfather and his grandfather's girlfriend in their home, a 16-year-old student of Red Lake High School in Red Lake, Minnesota arrived on campus and began shooting at his classmates and teachers. He killed five students, a teacher, a security guard and wounded five others before committing suicide.",10,5,14,0,16,,,Yes,Native American or Alaska Native,Male,47.87067289,-95.00529009
232,Living Church of God,"Brookfield, Wisconsin",Wisconsin,3/12/05,Church,Close,random,frustration,"On March 12, 2005, a 44-year-old computer technician about to lose his job in Brookfield, Wisconsin opened fire on a congregation at the Living Church of God, killing the minister, six others and wounding four more before committing suicide.",8,4,11,0,44,,,No,White American or European American,Male,43.06396691,-88.12299758
233,Tyler Courthouse,"Tyler, Texas",Texas,2/24/2005,Smith County Courthouse,Open,Ex-Wife,frustration,"On February 24, 2005, a 43-year old man opened fire on his ex-wife and son in front of the Smith County Courthouse inTyler, Texas. After wounding three law enforcement officers and killing another civilian, the gunman was killed in a gun battle with officers. The shooter was being sued for unpaid child support.",3,4,6,0,43,,,Unknown,Some other race,Male,32.3154272,-95.30501087
234,Damageplan show at the Alrosa Villa Nightclub,"Columbus, Ohio",Ohio,12/8/04,,Open+Close,random,frustration,"On December 8, 2004, a 25-year-old former mechanic for the US Marine Corps shot and killed the lead guitarist in the band Damageplan before shooting into the crowd at a concert at the Alrosa Villa Nightclub in Columbus, Ohio. Apparently upset by the breakup of the band Pantera, the shooter killed an additional three and wounded seven before being killed by police backstage.",5,7,11,0,25,,,Yes,White American or European American,Male,39.98861445,-82.98904135
235,"Birchwood, Wisconsin","Birchwood, Wisconsin",Wisconsin,11/21/2004,forests of Birchwood,Open,hunters,anger,"On November 21, 2004, a 36-year-old man hunting with companions in the forests of Birchwood, Wisconsin, encountered a group of hunters and began arguing with them over a deer stand that had apparently been on private land. He then opened fire on the hunters as a result of the confrontation, killing six and wounding two others before being arrested five hours later.",6,2,8,0,36,,,No,Asian American,Male,45.65773714,-91.55077175
236,Windy City Core Supply Warehouse,"Chicago, Illinois",Illinois,8/27/2003,Warehouse,Close,Coworkers,unemployement,"On August 27, 2003, a 36-year-old former employee of Windy City Core Supply in Chicago, Illinois arrived at the warehouse in which he used to work and began shooting at the supervisors that fired him and other coworkers, killing six. He was later killed in a shoot-out with the police.",7,0,6,0,36,0,,No,Some other race,Male,41.83928045,-87.68818145
237,Lockheed Martin shooting,"Meridian, Mississippi",Mississippi,7/8/03,Workplace,Close,random,racism,"Assembly line worker Douglas Williams, 48, opened fire at his Lockheed Martin workplace in a racially motivated attack before committing suicide.",7,8,15,0,48,,,Yes,white,Male,32.376081,-88.68978002
239,University of Arizona College of Nursing,"Tucson, Arizona",Arizona,10/28/2002,University of Arizona,Close,Teachers,failing exams,"On October 28, 2002, a 41-year-old nursing student failing out of his classes University of Arizona College of Nursing in Tucson, Arizona arrived on campus and shot three of his professors, killing them all, before committing suicide.",4,0,3,0,41,,,No,Some other race,Male,32.15358905,-110.9677647
240,Appalachian School of Law,"Grundy, Virginia",Virginia,1/16/2002,Appalachian School of Law,Close,Students+Teachers,anger,"On January 16, 2002, a 43-year-old former student of the Appalachian School of Law in Grundy, Virginia arrived on campus and began shooting. He killed the dean, a professor, a student and wounded three others before being arrested.",3,3,6,0,43,,,No,Black American or African American,Male,37.27537712,-82.09877234
241,Santana High School,"Santee, San Diego, California",California,3/5/01,Santana High School,Close,Students,terrorism,"On March 5, 2001, a 15-year-old student of Santana High School in San Diego, California arrived to school and began shooting at his fellow classmates. Two students were killed and thirteen others were wounded before the shooter was taken into custody.",2,13,15,0,15,,,No,White American or European American,Male,32.86357277,-117.1281628
242,Navistar International,"Melrose Park, Illinois",Illinois,2/5/01,Navistar in Melrose Park,Close,Coworkers,unemployement,"On February 5, 2001, a 66-year-old fired employee arrived at his former workplace at Navistar in Melrose Park, Illinois with firearms, forced his way past security and began shooting at supervisors and coworkers before committing suicide. He had been scheduled to begin a prison sentence the next day on charges of stealing from his employer.",6,4,9,0,66,0,,No,Black American or African American,Male,41.90289602,-87.8643021
243,Wakefield massacre,"Wakefield, Massachusetts",Massachusetts,12/26/2000,Edgewater Technology,Close,Coworkers,,"Michael McDermott, 42, opened fire on co-workers at Edgewater Technology and was later arrested.",7,0,7,0,42,1,Edgewater Technology,Yes,white,Male,42.506484,-71.0728306
244,Radisson Bay Harbor Inn,"Tampa, Florida",Florida,12/30/1999,,Open+Close,Coworkers,,"On December 30, 1999, a 36-year-old employee of the Radisson Bay Harbor Inn in Tampa, Florida arrived at his place of work and began shooting his coworkers, killing four and wounding three others. He fled the scene and attempted to steal a vehicle, killing the woman inside before being arrested.",5,3,8,0,36,1,Radisson Bay Harbor Inn,No,Some other race,Male,27.99601861,-82.44503769
245,Fort Gibson Middle School,"Fort Gibson, Oklahoma",Oklahoma,12/6/99,Fort Gibson Middle School,Close,Students,,"On December 6, 1999, a 13-year-old student at Fort Gibson Middle School in Fort Gibson, Oklahoma opened fire on his classmates for no apparent reason, wounding four before being stopped by a teacher and taken into custody.",0,4,4,0,13,,,No,White American or European American,Male,35.77669911,-95.25996596
246,Xerox killings,"Honolulu, Hawaii",Hawaii,11/2/99,,Close,random,,"Byran Koji Uyesugi, 40, a Xerox service technician, opened fire inside the building with a 9mm Glock. He fled and was later apprehended by police.",7,0,7,0,40,1,Xerox Service Technician,Yes,Asian,Male,21.3255125,-157.8473055
247,Wedgwood Baptist Church,"Fort Worth, Texas",Texas,9/15/1999,Church,Close,random,terrorism,"steven Kazmierczak, 27, opened fire in a lecture hall, then shot and killed himself before police arrived.",8,7,14,0,47,,,Yes,White American or European American,Male,32.74802142,-97.31305148
248,Offices of All-Tech Investment Group and Momentum Securities,"Atlanta, Georgia",Georgia,7/29/1999,Home+Stock Exchange Office,Close,random,psycho,"On July 29, 1999, after murdering his wife and children in their home in Atlanta, Georgia over the prior two days, a 44-year-old day trader entered a stock exchange office, killing four and moving on to another office, where he killed an additional five and wounded twelve. He was pursued by police until he committed suicide at a gas station.",10,12,21,0,44,,,Yes,White American or European American,Male,33.7629969,-84.4231328
249,Heritage High School,"Conyers, Georgia",Georgia,5/20/1999,Heritage High School,,Students,breakup,"On May 20. 1999, a 15-year-old student of Heritage High School in Conyers, Georgia arrived on campus and began shooting his fellow students as he was upset over a breakup with his girlfriend. He non-fatally wounded six students before being arrested.",0,6,6,0,15,,,No,White American or European American,Male,33.66086267,-84.02688527
250,Columbine High School,"Littleton, Colorado",Colorado,4/20/1999,Columbine High School,,Students+Teachers,terrorism,"On April 20, 1999, two students ages 17 and 18 arrived on their campus at Columbine High School in Littleton, Colorado, planning to kill hundreds of their peers and teachers. After two large propane tank bombs failed to explode, the students began shooting at their classmates, killing twelve and a teacher and wounding twenty-four others. The incident ended when the students killed themselves simultaneously in the library.",15,24,37,0,"17,18",,,Yes,White American or European American,Male,39.59358263,-105.0152112
251,Riverside City Hall,"Riverside, California",California,10/6/98,City Hall Building,Close,random,terrorism,"On October 6, 1998, a 48-year-old U.S. Postal Service employee entered a conference room at City Hall in Riverside, California and began shooting. He wounded the mayor, two council members and three police officers before being shot by police and taken into custody.",0,6,6,0,48,1,U.S. Postal Service,No,Black American or African American,Male,33.93814348,-117.3948409
252,Thurston High School,"Springfield, Oregon",Oregon,5/21/1998,Home+School,Close,Students+Parents,psycho,"On May 21, 1998, a 15-year-old student at Thurston High School in Springfield, Oregon arrived on campus the day after killing both his parents with firearms in their home. He began shooting at the students, killing two and wounding twenty-five others before being arrested.",4,25,29,0,15,,,Yes,White American or European American,Male,44.05489698,-123.0075562
253,Parker Middle School Dance,"Edinboro, Pennsylvania",Pennsylvania,4/24/1998,Banquet Hall,Close,random,,"On April 24, 1998, a 14-year-old student of Park Middle School in Edinboro, Pennsylvania was attending the end-of-the-year dance at an off-campus banquet hall. The student pulled his father's gun from a pocket and began shooting, killing a teacher and wounding another and two students before being arrested.",1,3,4,0,14,,,Yes,White American or European American,Male,41.87617136,-80.12459632
254,Westside Middle School killings,"Jonesboro, Arkansas",Arkansas,3/24/1998,School,Close,Students+Teachers,,"Mitchell Scott Johnson, 13, and Andrew Douglas Golden, 11, two juveniles, ambushed students and teachers as they left the school; they were apprehended by police at the scene.",5,10,15,0,"13,11",,,No,white,Male,35.8209895,-90.6682606
255,Connecticut State Lottery Headquarters,"Newington, Connecticut",Connecticut,3/6/98,Workplace,Close,Coworkers,anger,"On March 6, 1998, a 35-year-old disgruntled employee of the State Lottery in Newington, Connecticut arrived at his workplace and began shooting. He killed four of his coworkers and supervisors before committing suicide.",5,0,4,0,35,1,State Lottery,Yes,White American or European American,Male,41.68700845,-72.73083927
256,Milwaukee Post Office,"Milwaukee, Wisconsin",Wisconsin,12/19/1997,Workplace,Close,Coworkers,,"On December 19, 1997, a 37-year-old postal worker in Milwaukee, Wisconsin began shooting at the post office where he was employed. He shot and killed a coworker and wounded his supervisor and another coworker before committing suicide.",2,2,3,0,37,1,Milwaukee,No,Black American or African American,Male,43.06420322,-87.96724385
257,Caltrans Maintenance Yard,"Orange, California",California,12/18/1997,Workplace,Close,Ex-Coworkers,unemployement,"On December 18, 1997, a 41-year-old recently fired Caltrans employee arrived to his former office and began shooting at his former coworkers and supervisors. He killed four employees and wounded another and a police officer before being killed by police.",5,2,6,1,41,0,,No,Some other race,Male,33.78935598,-117.820412
258,Heath High School,"West Paducah, Kentucky",Kentucky,12/1/97,Health High School,,prayer group,psycho,"On December 1, 1997, a 14-year-old student at Heath High School in West Paducah, Kentucky brought stolen guns to campus and began shooting at a prayer group that met every day, killing three students and wounding five others before being arrested. The shooter was later found to have been suffering from paranoid schizophrenia.",3,5,8,0,14,,,Yes,White American or European American,Male,37.08506,-88.74422
259,Pearl High School,"Pearl, Mississippi",Mississippi,10/1/97,Home+School,Close,random,psycho,"On October 1, 1997, a 16-year-old student of Pearl High School in Pearl, Mississippi stabbed his mother to death before heading to school. Once there, he shot and killed his ex-girlfriend and her friend before wounding an additional seven other students. He was stopped while fleeing the incident by a principal with a handgun and was arrested.",2,7,9,0,16,,,Yes,White American or European American,Male,32.27492783,-90.09470655
260,R.E. Phelon Company,"Aiken, South Carolina",South Carolina,9/15/1997,R.R. Phelon Company,Open+Close,Ex-Coworkers,unemployement,"On September 15, 1997, a 43-year-old former employee of the R.E. Phelon Company in Aiken, South Carolina arrived at the plant and shot the security guard in the parking lot. He then entered the facility and began shooting his former coworkers, killing four and wounding two others. He attempted suicide with insecticide, but was unsuccessful and eventually arrested.",4,3,7,1,43,0,,No,Black American or African American,Male,33.47524551,-81.72595949
261,Bethel Regional High School,"Bethel, Alaska",Alaska,2/19/1997,Bethel Regional High School,Close,Students+Teachers,frustration,"On February 19, 1997, a 16-year-old student at Bethel Regional High School in Bethel, Alaska arrived on campus and shot a popular student, killing him. He later shot and killed the school's principal and wounded two others before being arrested.",2,2,4,0,16,,,Yes,White American or European American,Male,60.79053882,-161.7927517
262,San Diego State University,"San Diego, California",California,8/15/1996,San Diego State University,Close,Teachers,,"On August 15, 1996, a 36-year-old mechanical engineering graduate student at San Diego State University in San Diego, California was set to defend his Master's thesis for the second time. Instead, he pulled a gun he had stashed in a first aid kit in the room and shot twenty-three rounds into the three professors witnessing his defense, killing all three. He was found and arrested in the room, where he had planned to commit suicide but could not do it.",3,0,3,0,36,,,No,White American or European American,Male,32.86357277,-117.1281628
263,Fort Lauderdale revenge shooting,"Fort Lauderdale, Florida",Florida,2/9/96,,,Ex-Coworkers,revenge,"Fired city park employee Clifton McCree, 41, opened fire on former coworkers he called ""racist devils"" inside their municipal trailer in an act of revenge after failing a drug test. He then committed suicide.",6,1,7,0,41,0,,Yes,black,Male,26.1223084,-80.1433786
264,Frontier Junior High School,"Moses Lake, Washington",Washington,2/2/96,Frontier Junior High School,Close,Students+Teachers,frustration,"On February 2, 1996, a 14-year-old student walked into his algebra class at Frontier Junior High School in Moses Lake, Washington shooting and killing his teacher before killing two students, one who had bullied him, and wounding another student in the arm. He then held the class hostage and was tackled and held by a teacher until he was apprehended by police.",3,1,4,0,14,,,Yes,White American or European American,Male,47.12189424,-119.2750699
265,Richland High School,"Lynnville, Tennessee",Tennessee,11/15/1995,Richland High School,Close,Students+Teachers,,"On November 15, 1995, a 17-year-old students at Richland High School in Lynnville, Tennessee arrived to school and began shooting. He killed a teacher, a student and wounded another teacher before the gun was wrestled away from him by another teacher.",2,1,3,0,17,,,Yes,White American or European American,Male,35.37810374,-87.00610559
267,Montclair Post Office,"Montclair, New Jersey",New Jersey,3/21/1995,Post Office in Montclair,Close,random,unemployement,"On March 21, 1995, a 29-year-old former postal laborer entered a post office in Montclair, New Jersey, and robbed the employees at gunpoint. He then killed two postal workers, two customers and wounded another man before fleeing the scene. He was later arrested in his apartment.",4,1,5,0,29,0,,No,White American or European American,Male,40.826184,-74.20862
268,Downtown Chapel Hill,"Chapel Hill, North Carolina",North Carolina,1/26/1995,,Open,random,psycho,"On January 26, 1995, a 26-year-old mentally ill law student in Chapel Hill, North Carolina, was permitted to take unsupervised off-campus trips outside his mental hospital. During this particular trip, he opened fire on passersby, killing two and wounding two others before being arrested. He was found not guilty by reason of insanity and later won a lawsuit against a psychiatrist.",2,2,4,0,26,,,Yes,White American or European American,Male,35.92681467,-79.03850407
270,Wickliffe Middle School,"Wickliffe, Ohio",Ohio,11/7/94,Wickliffe Middle School,Close,random,psycho,"On November 7, 1994, a 37-year-old man approached the Wickliffe Middle School in Wickliffe, Ohio and shot, killing a custodian. He then wounded a school administrator, a teacher and a police officer before being detained by the police.",1,3,4,0,37,,,Yes,White American or European American,Male,41.60713735,-81.46902046
271,Fairchild Air Force Base Hospital,"Fairchild Air Force Base, Washington",Washington,6/20/1994,hospital,Close,psychologist+psychiatrist,anger,"On June 20, 1994, a 20-year-old discharged technician at the Fairchild Air Force Base Hospital outside of Spokane, Washington entered the office of the psychologist and psychiatrist that first diagnosed him to be unfit for service, shot and killed them both. He continued shooting at patients and visitors at the hospital, killing a young boy, the wife of a retired serviceman and wounding twenty-three more before being killed by a military police officer.",5,23,27,0,20,0,,Yes,White American or European American,Male,47.618456,-117.644099
272,"Residence in Union, Kentucky","Union, Kentucky",Kentucky,5/26/1994,Home+School,Close,random,psycho,"On May 26, 1994, a 17-year-old high school student awoke in the early hours of the day to kill his parents and his sisters in their home. He then kidnapped his prom date at gunpoint and brought her to a classroom, where he held her, a teacher and 22 students hostage before being detained by police.",4,0,4,0,17,,,No,White American or European American,Male,38.95130818,-84.67066339
273,Chelsea High School,"Chelsea, Michigan",Michigan,12/16/1993,Chelsea High School,Close,Coworkers,anger,"On December 16, 1993, after a meeting with school officials in regards to a harassment complaint made by a student, a 39-year-old Chemistry teacher at Chelsea High School in Chelsea, Michigan stormed off with his wife and went home. Still enraged by the allegation, he returned to the school, killing the superintendent and wounding the principal and a teacher before being arrested.",1,2,3,0,39,1,Chelsea High School,Yes,White American or European American,Male,42.31319376,-84.01868108
274,Chuck E. Cheese in Aurora,"Aurora, Colorado",Colorado,12/14/1993,Chuck E. Cheese,Close,Ex-Coworkers,unemployement,"On December 14, 1993, a 19-year-old fired Chuck E. Cheese's employee in Aurora, Colorado visited his former workplace and waited until closing to confront his ex-coworkers. He then opened fire, killing three teenaged employees, one 50-year-old employee, and wounding another before being arrested.",4,1,5,0,19,0,,Yes,Black American or African American,Male,39.69892933,-104.7871863
275,Long Island Rail Road Commuter Train,"Garden City, New York",New York,12/7/93,Train,Close,random,psycho,"On December 7, 1993, a 34-year-old mentally unstable man boarded a Lond Island Rail Road commuter train headed to Nassau County in New York. He began shooting in the train car, killing six and wounding nineteen before being apprehended by three passengers in the train.",6,19,25,0,34,,,No,Black American or African American,Male,40.72662266,-73.644712
276,Central Middle School,"Sheridan, Wyoming",Wyoming,9/17/1993,Central Middle School,Close,random,frustration,"On September 17, 1993, a 29-year-old man recently discharged from the Navy approached a physical education class at Central Middle School in Sheridan, Wyoming and opened fire on its 29 students. He wounded four students before committing suicide in front of the class.",1,4,4,0,29,0,,No,White American or European American,Male,44.79051074,-106.9599165
277,Luigi's Restaurant in Fayetteville,"Fayetteville, North Carolina",North Carolina,8/6/93,Luigi's Restaurant,Close,random,anger,"On August 6, 1993, a 22-year old army sergeant opened fire inside Luigi's Restaurant in Fayetteville, North Carolina, killing four people and injuring eight more. The shooter was ranting about gays in the military before he was shot and arrested by police.",4,8,12,0,22,1,Army,No,White American or European American,Male,35.07997086,-79.03796125
278,Weber State University,"Ogden, Utah",Utah,7/8/93,Weber State University,Close,random,frustration,"On July 8, 1993, a 28-year old student shot and injured three people at a grievance hearing at Weber State University in Odgen, Utah. One of the injured was a State police officer who was able to shoot back, killing the perpetrator.",1,3,3,0,28,,,No,Asian American,Male,41.2281367,-111.9675317
279,Offices of Pettit & Martin in San Francisco,"San Francisco, California",California,7/1/93,law firm,Close,lawyers,frustration,"On July 1, 1993, a 55-year-old failing entrepreneur entered the law offices of Pettit & Martin in the financial district of San Francisco, California. He then opened fire on the office, killing eight and wounding six others before turning the gun on himself. He had apparently targeted the law firm due to his deep hatred for lawyers arising from his failed business endeavors and a real estate consultation with the firm years before.",9,6,14,0,55,,,No,White American or European American,Male,37.75457839,-122.4424343
280,Dearborn Post Office,"Dearborn, Michigan",Michigan,5/6/93,Workplace,Close,Coworkers,frustration,"On May 6, 1993, a 45-year-old postal mechanic, upset with supervisors and the management of his post office in Dearborn, Michigan, arrived to work and began shooting. He killed a supervisor and wounded two other postal employees before committing suicide.",2,2,3,0,45,1,,Unknown,Unknown,Male,42.31269522,-83.21293244
281,Dana Point Post Office,"Dana Point, California",California,5/6/93,,Open+CLose,random,psycho,"On May 6, 1993, after murdering his mother and her dog, a 38-year-old postal employee who had been fired five months prior arrived at the post office in Dana Point, California and shot and killed a former coworker and wounded another. He later shot a man in his garage, a woman motorist, robbed and shot two others at an ATM, totaling five injured victims and one death.",1,5,6,0,38,0,,Yes,White American or European American,Male,33.47316083,-117.696399
282,Simon's Rock College of Bard,"Great Barrington, Massachusetts",Massachusetts,12/14/1992,Simon's Rock College of Bard,Close,Students+Teachers,,"On December 14, 1992, an 18-year-old student opened fire at Simon's Rock College of Bard in Great Barrington, Massachusetts. Before turning himself in to police, he killed a student and a teacher and wounded four others.",2,4,6,0,18,,,No,Asian American,Male,42.19358268,-73.36216339
283,Schuyler County Office Building,"Watkins Glen, New York",New York,10/15/1992,County Office Building,Close,Social Workers,frustration,"On October 15, 1992, a 50-year-old truck driver, upset about his wages being garnished for back-payments of child support, entered the Schuyler County Office Building in Watkins Glen, New York. He killed four female social workers before committing suicide.",5,0,4,0,50,1,,No,White American or European American,Male,42.38013875,-76.86724659
284,Palo Duro High School,"Amarillo, Texas",Texas,9/11/92,"Amarillo, Texas",,Students,anger,"On September 11, 1992, a fight broke out in Amarillo, Texas between two students that ended with one student, a 17-year-old male, pulling a gun out and shooting. Six students were wounded before the shooter was taken into custody.",0,6,6,0,17,,,Unknown,Unknown,Male,35.18322484,-101.8805688
285,Lindhurst High School,"Olivehurst, California",California,5/1/92,Lindhurst High School,Close,Students+Teachers,failing exams,"On May 1, 1992, a 20-year-old former student of Lindhurst High School in Olivehurst, California began shooting at students and teachers in classrooms. Seeking revenge for a failing grade, the shooter first killed the teacher who gave him that grade, later killing three students and injuring ten others before being arrested.",4,10,14,0,20,,,Yes,White American or European American,Male,39.08174985,-121.5549539
286,Royal Oak Post Office,"Royal Oak, Michigan",Michigan,11/14/1991,Post Office in Royal Oak,Close,Ex-Coworkers,unemployement,"On November 14, 1991, a 31-year old former postal worker opened fire at the post office in Royal Oak, Michigan, his former workplace. He killed his four supervisors and wounded five co-workers before committing suicide.",5,5,9,0,31,0,,Yes,White American or European American,Male,42.50840203,-83.15387427
287,University of Iowa,"Iowa City, Iowa",Iowa,11/1/91,University of lowa,Close,Coworkers,frustration,"On November 1, 1991, a 28-year-old astrophysics researcher opened fire on academics at a meeting at the University of Iowa in Iowa City. The shooter fatally wounded three professors on his dissertation committee, an academic affairs officer, and the researcher who received the award he felt he deserved, and as well as paralyzing a student employee before committing suicide.",6,1,6,0,28,1,University of lowa,No,Asian American,Male,41.65589405,-91.53117986
288,"Luby's Cafeteria in Killeen, Texas","Killeen, Texas",Texas,10/16/1991,Luby's Cafeteria,Open,random,unemployement,"On October 16, 1991, a 35-year old unemployed seaman drove his truck through a window at Luby's Cafeteria in Killeen, Texas. He then opened fire, killing twenty-three people and wounding twenty before turning the gun on himself.",24,20,43,0,35,0,,Yes,White American or European American,Male,31.07925506,-97.73392317
289,Ridgewood Post Office,"Ridgewood, New Jersey",New Jersey,10/10/91,,Close,Ex-Coworkers,revenge,"On October 10, 1991, a 35-year old former postal clerk, apparently seeking revenge for his dismissal, killed his former supervisor with sword and shot her boyfriend at their home. Then entered the post office where he used to work in Ridgewood, New Jersey, and killed two of his former co-workers. After a four-hour standoff with police, the shooter was arrested. Before leaving his apartment, the shooter rigged a homemade bomb of explosives to his front door.",3,0,3,0,35,,,Yes,Black American or African American,Male,40.98213277,-74.11264731
291,GMAC Loan Office,"Jacksonville, Florida",Florida,6/17/1990,,,random,psycho,"After fatally shooting a man and woman and wounding two teenage boys, the 42-year-old gunman robbed a convenience store at gunpoint on June 17, 1990. The next day, the shooter opened fire at the General Motors Acceptance Corporation car loan office in Jacksonville, Florida, killing seven employees and a customer and injuring four others before turning the gun on himself.",12,6,17,0,42,,,No,Black American or African American,Male,30.33216122,-81.67576993
292,Standard Gravure Corporation,"Louisville, Kentucky",Kentucky,9/14/1989,Standard Gravure printing company,Close,Ex-Coworkers,frustration,"On September 14. 1989, a 47-year-old man, disgruntled by his work situation and suffering from mental illness, entered the Standard Gravure printing company in Louisville, Kentucky, his former workplace, and began shooting. The incident ended with eight fatalities and twelve gun injuries before the shooter ending his own life with a bullet.",9,12,20,0,47,,,Yes,White American or European American,Male,38.249432,-85.726243
293,Orange Glenn Post Office,"Escondido, California",California,8/10/89,,Close,random,psycho,"On August 10, 1989, a 52-year-old ""model"" postal worker murdered his wife in their home before arriving to work at the Orange Glen Post Office in Escondido, California. He then shot and killed two co-workers and injured another before taking the gun to his own head, dying later in a hospital.",4,1,4,0,52,1,Orange Glenn Post Office,No,White American or European American,Male,33.13439925,-117.0722528
294,Cleveland Elementary School,"Stockton, California",California,1/17/1989,Cleveland Elementary School,Close,Students+Teachers,terrorism,"On January 17, 1989, an unemployed 24-year-old man arrived to Cleveland Elementary School in Stockton, California. He set his car on fire in the parking lot, before entering the school to begin shooting. The shooter killed five students and injured thirty others including a teacher, before killing himself.",6,30,35,0,24,0,,Yes,White American or European American,Male,37.96631812,-121.3018775
295,New Orleans Downtown Post Office,"New Orleans, Louisiana",Louisiana,12/14/1988,main post office in downtown New Orleans,Close,,,"On December 14, 1988, a 39-year-old post office employee entered the main post office in downtown New Orleans, Louisiana, where he worked with a shotgun. He took his ex-girlfriend as a hostage and was able to hold off police and FBI agents for 13 hours until he surrendered. He injured three co-workers and one FBI agent.",0,4,4,0,39,1,Post Office,Unknown,Unknown,Male,30.0687242,-89.93147412
296,Oakland Elementary School,"Greenwood, South Carolina",South Carolina,9/26/1988,Oakland Elementary School,Close,Students+Teachers,psycho,"On September 26, 1988, an unemployed 19-year-old man entered the Oakland Elementary School in Greenwood, South Carolina. He was arrested after killing two 8-year-old girls and injuring seven other students and two teachers. He was later found ""guilty but mentally ill.""",2,9,11,0,19,0,,Yes,White American or European American,Male,34.1928952,-82.15355508
297,Comet Auto Parts and Montefiore School,"Chicago, Illinois",Illinois,9/22/1988,,Open+Close,random,terrorism,"On September 22, 1988, a 40-year-old Vietnam veteran shot and killed two employees at a Comet Auto Parts in Chicago, Illinois before heading to the Montefiore School to continue the shooting. He injured a city worker and fatally wounded a custodian at the school before he was discovered by police. The shooter opened fire on the officers, injuring one and killing another.",5,2,6,1,40,,,No,Black American or African American,Male,41.83928045,-87.68818145
298,Hubbard Woods Elementary School,"Winnetka, Illinois",Illinois,5/20/1988,Home+School,Close,Students,terrorism,"On May 20, 1988, a 30-year-old woman entered the Hubbard Woods Elementary School with the intent to target her former in-laws' children who she believed attended the school. After shooting a boy in a bathroom down the hall, she entered a second-grade classroom and began shooting the students, killing one and injuring five more. She fled the scene and entered a home, where she injured another young man before turning the gun on herself in a bedroom.",2,7,8,0,30,,,Yes,White American or European American,Female,42.10648807,-87.74211141
299,Electromagnetic Systems Laboratory (ESL),"Sunnyvale, California",California,2/16/1988,ESL in Sunnyvale,Open+Close,Ex-Coworkers,revenge,"On February 16, 1988, a 39-year-old man arrived at his former workplace, ESL in Sunnyvale, California, and began shooting his ex-coworkers in the parking lot. After shooting through the security mechanisms on the doors of the facility, he opened fire on office equipment and employees, including a female colleague that issued a restraining order against the shooter about a week prior. The incident ended with seven fatalities and four injuries, the female coworker among the injured.",7,4,11,0,39,0,,Yes,White American or European American,Male,37.38344257,-122.0256185
300,Pinellas Park High School,"Pinellas Park, Florida",Florida,2/11/88,School,Close,,frustration,"On February 11, 1988, two students age 15 and 16 were confronted by school personnel regarding firearms they had stolen and carried on campus. The shooting began after the staff attempted to physically restrain the students, and ended with an assistant principal killed and two others injured.",1,2,3,0,"15,16",,,No,White American or European American,Male,27.84887061,-82.71058
301,Palm Bay Shopping Centers,"Palm Bay, Florida",Florida,4/23/1987,,Open,random,psycho,"On April 23, 1987, a 59-year-old retired librarian in Palm Bay, Florida began a shooting spree in his neighborhood, where he shot and injured several of his neighbors. He continued the shooting at two local shopping centers, killing a total of four civilians and two police officers, and injuring nine others.",6,14,20,0,59,,,Yes,White American or European American,Male,27.98388983,-80.66662713
302,Fergus County High School,"Lewistown, Montana",Montana,12/4/86,Fergus County High School,Close,Teachers,failing exams,"On December 4, 1986, a 14-year-old student at Fergus County High School in Lewistown, Montana, disgruntled with his grades, fatally shot a teacher and wounded a vice principal and two students as he fled. He was arrested at his home an hour later.",1,3,4,0,14,,,Yes,White American or European American,Male,47.03740653,-109.4844918
303,"Post office in Edmond, Oklahoma","Edmond, Oklahoma",Oklahoma,8/20/1986,"Edmond, Oklahoma",Close,Coworkers,,"On August 20, 1986, a 44-year-old postal worker in Edmond, Oklahoma opened fire on his supervisors and coworkers at the post office in which he worked. He killed fourteen postal employees and wounded six others before committing suicide.",15,6,20,0,44,1,Post Office,Yes,White American or European American,Male,35.66889223,-97.41438792
304,New York Technical College,"Brooklyn, New York",New York,8/12/86,New York Technical College in Brooklyn,Close,Teachers,revenge,"On August 12, 1986, a 29-year civil technology student  at New York Technical College in Brooklyn went to the school thinking his supervisor was the reason he had not received his financial aid. He killed the supervisor and wounded four other people. He was later arrested by the police.",1,4,5,0,29,,,Yes,Black American or African American,Male,40.679276,-73.939513
305,Atlanta Post Office,"Atlanta, Georgia",Georgia,3/6/85,Atlanta Post Office,Close,Coworkers,anger,"On March 6, 1985, a 30-year-old employee at the Atlanta Post Office, opened fire in the mail sorting area killing two of his coworkers and wounding a third one before he was subdue by other postal workers.",2,1,3,0,30,1,Atlanta Post Office,Yes,Black American or African American,Male,33.7629969,-84.4231328
306,Goddard Junior High School,"Goddard, Kansas",Kansas,1/21/1985,Goddard Junior High School,Close,Students+Teachers,,"On January 21, 1985, a 14-year-old student entered Goddard Junior High School in Goddard, Kansas. The student killed the principal and injured two teachers and another student. He was arrested 90 minutes later by a policeman in a field just south of Goddard.",1,3,4,0,14,,,Yes,White American or European American,Male,37.67129418,-97.55070476
307,McDonald's restaurant in San Ysidro,"San Ysidro, California",California,7/18/1984,McDonald's restaurant in San Ysidro,Close,random,psycho,"On July 18, 1984, a 41-year-old unemployed man, walked into a McDonald's restaurant in San Ysidro, California, killing twenty-one people and injuring nineteen others. The shooter was killed at the scene by a SWAT team sniper perched on the roof next door.",22,19,40,0,41,0,,Yes,White American or European American,Male,32.555556,-117.047656
308,Ianni's Club in Dallas,"Dallas, Texas",Texas,6/29/1984,lanni's dance club,Close,random,revenge,"On June 29, 1984, a 39-year-old man who was rejected by a dance partner at Ianni's Dance Club in Dallas, Texas, left the club and returned with a semiautomatic pistol killing the woman and five other patrons and seriously wounded a seventh person.",6,1,7,0,39,,,Yes,White American or European American,Male,32.79480596,-96.76631094
309,49th Street Elementary School,"Los Angeles, California",California,2/24/1984,,Open,Children,terrorism,"On February 24, a 28-year-old man began shooting at children and staff leaving 49th Street Elementary School in South Central Los Angeles in California. The gunman positioned himself in a room on the second story of his home and killed two people and wounded twelve others.",3,12,14,0,28,,,Yes,Black American or African American,Male,34.17622092,-118.5399542
310,Johnston Post Office,"Johnston, South Carolina",South Carolina,8/19/1983,Johnston Post Office,Close,postmaster,anger,"On August 19, 1983, a 55-year-old former postal worker went into the Johnston Post Office in South Carolina three months after he had resigned. He killed the local postmaster and wounded three others. It was the last day at work for the postmaster.",1,3,4,0,55,0,,Yes,White American or European American,Male,33.83272887,-81.8051584
311,Wah Mee Club in Seattle,"Seattle, Washington",Washington,2/18/1983,Wah Mee Gambling Club,Close,random,terrorism,"On February 18, 1983, three man between the ages of 22 and 24 entered the Wah Mee gambling club in Seattle, Washington, shooting fourteen people. Thirteen victims lost their lives, but one survived to testify.",13,1,14,0,23,,,Unknown,Asian American,Male,47.62199575,-122.323646
312,Welding shop in Miami,"Miami, Florida",Florida,8/20/1982,,Close,welding shop employees,psycho,"On August 20, 1982, a 51-year-old teacher on psychiatric leave opened fire inside a welding shop in Miami, Florida killing eight employees and wounding another three. The shooter was later shot and run down by two witnesses while he was cycling away from the crime scene.",9,3,11,0,51,,,Yes,White American or European American,Male,25.79653943,-80.20840397
313,Valley High School,"Las Vegas, Nevada",Nevada,3/19/1982,Valley High School,Close,Students+Teachers,,"On March 19, 1982, a 17-year-old student walked into Valley High School in Las Vegas, Nevada. The shooter shot and killed a teacher and injured two students.",1,2,3,0,17,,,Yes,White American or European American,Male,36.18931923,-115.3264875
314,University of South Carolina,"Columbia, South Carolina",South Carolina,10/6/79,fraternity house party,Close,Students,,"On October 6, 1979, a 19-year-old student at University of South Carolina opened fire at a homecoming weekend fraternity party, killing two students and wounding five others.",2,5,7,0,19,,,Unknown,Black American or African American,Male,34.05098834,-80.82077527
315,Grover Cleveland Elementary School,"San Diego, California",California,1/29/1979,,Open,Children,terrorism,"On January 29, 1979, a 16-year-old opened fire at children waiting to enter Grover Cleveland Elementary School. The shooter put herself by a window in her home and began shooting across the street while the children were waiting outside for the principal to open the gate.  The principal and a custodian were killed and eight children and a police officer were injured.",2,9,11,0,16,,,Yes,White American or European American,Female,32.86357277,-117.1281628
316,Cal State Fullerton,"Fullerton, California",California,7/12/76,California State University,Close,random,terrorism,"On July 12, 1976, a 37-year-old custodian at California State University in Fullerton open fired in the library's first-floor lobby and at the building's Instructional Media Center killing seven people and wounding two others.",7,2,9,0,37,1,California State University,Yes,White American or European American,Male,33.88404244,-117.92785
317,Los Angeles Computer Learning Center,"Los Angeles, California",California,2/19/1976,Los Angeles Computer School,Close,Students,anger,"On February 19, 1976, a 18-year-old student at a Los Angeles computer school opened fire during a test at his fellow students with a shotgun, killing one student and wounding several others. When trying to escape, he was apprehended by a security guard who exchanged fire with the shooter, leaving him critically wounded. The security guard was injured during the exchange.",1,7,8,0,18,,,Unknown,White American or European American,Male,34.17622092,-118.5399542
318,Olean High School,"Olean, New York",New York,12/30/1974,,Open+Close,random,terrorism,"On December 30, 1974, a 17-year-old honor student and member of the school's rifle team, entered Olean High School, looked himself in a room on the school's third floor, where he shot a custodian inside the building and nine people on the streets below. Following the shooting, police had found homemade propane bombs in Barbaro's bedroom, as well as bomb recipes and a journal that detailed his plans of the shooting.",3,7,10,0,17,,,No,White American or European American,Male,42.08185369,-78.43213922
319,Clara Barton Elementary School,"Chicago, Illinois",Illinois,1/17/1974,Clara Barton Elementary School,Close,Teachers,anger,"On January 17, 1974, a 14-year-old student entered Clara Barton Elementary School in Chicago, Illinois and killed the principal and wounded three others before he was seized by a teacher when both his guns jammed. Apparently, the student was angry at the fact that he had been expelled from the school and transferred to a social adjustment center earlier that week.",1,3,4,0,14,,,Yes,Unknown,Male,41.83928045,-87.68818145
320,New Orleans Police Shootings,"New Orleans, Louisiana",Louisiana,12/31/1972,,,random,psycho,"On New Year's Eve in 1972, a 23-year-old ex-Navy dental technician went to the central lockup New Orleans Police Department and shot four policeman that day.  Seven days later on January 7, 1973, the shooter shot a grocer and entered the Downtown Howard Johnson Hotel where he shot seventeen people before killed him at the top of the hotel roof.",10,13,22,4,23,,,Yes,Black American or African American,Male,30.0687242,-89.93147412
322,Rose-Mar College of Beauty,"Mesa, Arizona",Arizona,11/12/66,Rose-Mar College of Beauty,Close,random,terrorism,"On November 12, 1966, an 18-year-old high school student entered the Rose-Mar College of Beauty in Mesa, Arizona, ordering his victims to lay on the ground in a circle. The gunman shot and killed four women and a child and injured another woman and an infant. He considered a few sites, like his school, where he thought of wiping out the teachers. Finally, he settled on the Rose-Mar College of Beauty, where he thought he'd get a nice large group of victims.",5,1,6,0,18,,,Yes,White American or European American,Male,33.42268696,-111.8163202
323,University of Texas at Austin,"Austin, Texas",Texas,8/1/66,University of Texas,Close,random,terrorism,"On August 1, 1966, a 25-year-old engineering student at the University of Texas in Austin killed sixteen people and wounded thirty-two others in and around the Tower of the University of Texas. Prior to commencing the mass shootings at the University, the student and former U.S. Marine, had murdered both his wife and mother in Austin, Texas.",17,32,48,0,25,,,Yes,White American or European American,Male,30.1988873,-97.84415949